product,county,demand
Alcohol-based hand rub,Alcona,268
Alcohol-based hand rub,Alger,20
Alcohol-based hand rub,Allegan,163
Alcohol-based hand rub,Antrim,259
Alcohol-based hand rub,Baraga,3051
Alcohol-based hand rub,Barry,386
Alcohol-based hand rub,Benzie,948
Alcohol-based hand rub,Delta,371
Alcohol-based hand rub,Dickinson,226
Alcohol-based hand rub,Eaton,555
Alcohol-based hand rub,Emmet,35
Alcohol-based hand rub,Gogebic,2384
Alcohol-based hand rub,Grand Traverse,306
Alcohol-based hand rub,Gratiot,32
Alcohol-based hand rub,Houghton,265
Alcohol-based hand rub,Huron,103
Alcohol-based hand rub,Iron,1019
Alcohol-based hand rub,Isabella,3839
Alcohol-based hand rub,Kalamazoo,196
Alcohol-based hand rub,Kalkaska,6114
Alcohol-based hand rub,Kent,373
Alcohol-based hand rub,Keweenaw,367
Alcohol-based hand rub,Lake,619
Alcohol-based hand rub,Lapeer,86
Alcohol-based hand rub,Leelanau,1704
Alcohol-based hand rub,Lenawee,146
Alcohol-based hand rub,Livingston,1780
Alcohol-based hand rub,Manistee,182
Alcohol-based hand rub,Marquette,957
Alcohol-based hand rub,Mason,189
Alcohol-based hand rub,Mecosta,7
Alcohol-based hand rub,Menominee,160
Alcohol-based hand rub,Midland,438
Alcohol-based hand rub,Missaukee,352
Alcohol-based hand rub,Monroe,98
Alcohol-based hand rub,Montcalm,2162
Alcohol-based hand rub,Oceana,137
Alcohol-based hand rub,Ogemaw,1899
Alcohol-based hand rub,Osceola,18185
Alcohol-based hand rub,Oscoda,545
Alcohol-based hand rub,Presque Isle,611
Alcohol-based hand rub,Roscommon,1036
Alcohol-based hand rub,Sanilac,162
Alcohol-based hand rub,Schoolcraft,149
Alcohol-based hand rub,Van Buren,69
Alcohol-based hand rub,Washtenaw,55
Alcohol-based hand rub,Wexford,420
BioHazard Liner bags 2gallon,Alcona,3
BioHazard Liner bags 2gallon,Alger,1
BioHazard Liner bags 2gallon,Allegan,2
BioHazard Liner bags 2gallon,Antrim,3
BioHazard Liner bags 2gallon,Baraga,31
BioHazard Liner bags 2gallon,Barry,4
BioHazard Liner bags 2gallon,Benzie,10
BioHazard Liner bags 2gallon,Delta,4
BioHazard Liner bags 2gallon,Dickinson,3
BioHazard Liner bags 2gallon,Eaton,6
BioHazard Liner bags 2gallon,Emmet,1
BioHazard Liner bags 2gallon,Gogebic,24
BioHazard Liner bags 2gallon,Grand Traverse,4
BioHazard Liner bags 2gallon,Gratiot,1
BioHazard Liner bags 2gallon,Houghton,3
BioHazard Liner bags 2gallon,Huron,2
BioHazard Liner bags 2gallon,Iron,11
BioHazard Liner bags 2gallon,Isabella,39
BioHazard Liner bags 2gallon,Kalamazoo,2
BioHazard Liner bags 2gallon,Kalkaska,62
BioHazard Liner bags 2gallon,Kent,4
BioHazard Liner bags 2gallon,Keweenaw,4
BioHazard Liner bags 2gallon,Lake,7
BioHazard Liner bags 2gallon,Lapeer,1
BioHazard Liner bags 2gallon,Leelanau,18
BioHazard Liner bags 2gallon,Lenawee,2
BioHazard Liner bags 2gallon,Livingston,18
BioHazard Liner bags 2gallon,Manistee,2
BioHazard Liner bags 2gallon,Marquette,10
BioHazard Liner bags 2gallon,Mason,2
BioHazard Liner bags 2gallon,Mecosta,1
BioHazard Liner bags 2gallon,Menominee,2
BioHazard Liner bags 2gallon,Midland,5
BioHazard Liner bags 2gallon,Missaukee,4
BioHazard Liner bags 2gallon,Monroe,1
BioHazard Liner bags 2gallon,Montcalm,22
BioHazard Liner bags 2gallon,Oceana,2
BioHazard Liner bags 2gallon,Ogemaw,19
BioHazard Liner bags 2gallon,Osceola,182
BioHazard Liner bags 2gallon,Oscoda,6
BioHazard Liner bags 2gallon,Presque Isle,7
BioHazard Liner bags 2gallon,Roscommon,11
BioHazard Liner bags 2gallon,Sanilac,2
BioHazard Liner bags 2gallon,Schoolcraft,2
BioHazard Liner bags 2gallon,Van Buren,1
BioHazard Liner bags 2gallon,Washtenaw,1
BioHazard Liner bags 2gallon,Wexford,5
BioHazard Liner bags 44gallon,Alcona,54
BioHazard Liner bags 44gallon,Alger,4
BioHazard Liner bags 44gallon,Allegan,33
BioHazard Liner bags 44gallon,Antrim,52
BioHazard Liner bags 44gallon,Baraga,611
BioHazard Liner bags 44gallon,Barry,78
BioHazard Liner bags 44gallon,Benzie,190
BioHazard Liner bags 44gallon,Delta,75
BioHazard Liner bags 44gallon,Dickinson,46
BioHazard Liner bags 44gallon,Eaton,111
BioHazard Liner bags 44gallon,Emmet,7
BioHazard Liner bags 44gallon,Gogebic,477
BioHazard Liner bags 44gallon,Grand Traverse,62
BioHazard Liner bags 44gallon,Gratiot,7
BioHazard Liner bags 44gallon,Houghton,53
BioHazard Liner bags 44gallon,Huron,21
BioHazard Liner bags 44gallon,Iron,204
BioHazard Liner bags 44gallon,Isabella,768
BioHazard Liner bags 44gallon,Kalamazoo,40
BioHazard Liner bags 44gallon,Kalkaska,1223
BioHazard Liner bags 44gallon,Kent,75
BioHazard Liner bags 44gallon,Keweenaw,74
BioHazard Liner bags 44gallon,Lake,124
BioHazard Liner bags 44gallon,Lapeer,18
BioHazard Liner bags 44gallon,Leelanau,341
BioHazard Liner bags 44gallon,Lenawee,30
BioHazard Liner bags 44gallon,Livingston,356
BioHazard Liner bags 44gallon,Manistee,37
BioHazard Liner bags 44gallon,Marquette,192
BioHazard Liner bags 44gallon,Mason,38
BioHazard Liner bags 44gallon,Mecosta,2
BioHazard Liner bags 44gallon,Menominee,32
BioHazard Liner bags 44gallon,Midland,88
BioHazard Liner bags 44gallon,Missaukee,71
BioHazard Liner bags 44gallon,Monroe,20
BioHazard Liner bags 44gallon,Montcalm,433
BioHazard Liner bags 44gallon,Oceana,28
BioHazard Liner bags 44gallon,Ogemaw,380
BioHazard Liner bags 44gallon,Osceola,3637
BioHazard Liner bags 44gallon,Oscoda,109
BioHazard Liner bags 44gallon,Presque Isle,123
BioHazard Liner bags 44gallon,Roscommon,208
BioHazard Liner bags 44gallon,Sanilac,33
BioHazard Liner bags 44gallon,Schoolcraft,30
BioHazard Liner bags 44gallon,Van Buren,14
BioHazard Liner bags 44gallon,Washtenaw,11
BioHazard Liner bags 44gallon,Wexford,84
Blue Solied Linen bags,Alcona,43
Blue Solied Linen bags,Alger,4
Blue Solied Linen bags,Allegan,26
Blue Solied Linen bags,Antrim,42
Blue Solied Linen bags,Baraga,489
Blue Solied Linen bags,Barry,62
Blue Solied Linen bags,Benzie,152
Blue Solied Linen bags,Delta,60
Blue Solied Linen bags,Dickinson,37
Blue Solied Linen bags,Eaton,89
Blue Solied Linen bags,Emmet,6
Blue Solied Linen bags,Gogebic,382
Blue Solied Linen bags,Grand Traverse,49
Blue Solied Linen bags,Gratiot,6
Blue Solied Linen bags,Houghton,43
Blue Solied Linen bags,Huron,17
Blue Solied Linen bags,Iron,164
Blue Solied Linen bags,Isabella,615
Blue Solied Linen bags,Kalamazoo,32
Blue Solied Linen bags,Kalkaska,979
Blue Solied Linen bags,Kent,60
Blue Solied Linen bags,Keweenaw,59
Blue Solied Linen bags,Lake,100
Blue Solied Linen bags,Lapeer,14
Blue Solied Linen bags,Leelanau,273
Blue Solied Linen bags,Lenawee,24
Blue Solied Linen bags,Livingston,285
Blue Solied Linen bags,Manistee,30
Blue Solied Linen bags,Marquette,154
Blue Solied Linen bags,Mason,31
Blue Solied Linen bags,Mecosta,2
Blue Solied Linen bags,Menominee,26
Blue Solied Linen bags,Midland,70
Blue Solied Linen bags,Missaukee,57
Blue Solied Linen bags,Monroe,16
Blue Solied Linen bags,Montcalm,346
Blue Solied Linen bags,Oceana,22
Blue Solied Linen bags,Ogemaw,304
Blue Solied Linen bags,Osceola,2910
Blue Solied Linen bags,Oscoda,88
Blue Solied Linen bags,Presque Isle,98
Blue Solied Linen bags,Roscommon,166
Blue Solied Linen bags,Sanilac,26
Blue Solied Linen bags,Schoolcraft,24
Blue Solied Linen bags,Van Buren,12
Blue Solied Linen bags,Washtenaw,9
Blue Solied Linen bags,Wexford,68
Disposable foot covers,Alcona,27
Disposable foot covers,Alger,2
Disposable foot covers,Allegan,17
Disposable foot covers,Antrim,26
Disposable foot covers,Baraga,306
Disposable foot covers,Barry,39
Disposable foot covers,Benzie,95
Disposable foot covers,Delta,38
Disposable foot covers,Dickinson,23
Disposable foot covers,Eaton,56
Disposable foot covers,Emmet,4
Disposable foot covers,Gogebic,239
Disposable foot covers,Grand Traverse,31
Disposable foot covers,Gratiot,4
Disposable foot covers,Houghton,27
Disposable foot covers,Huron,11
Disposable foot covers,Iron,102
Disposable foot covers,Isabella,384
Disposable foot covers,Kalamazoo,20
Disposable foot covers,Kalkaska,612
Disposable foot covers,Kent,38
Disposable foot covers,Keweenaw,37
Disposable foot covers,Lake,62
Disposable foot covers,Lapeer,9
Disposable foot covers,Leelanau,171
Disposable foot covers,Lenawee,15
Disposable foot covers,Livingston,178
Disposable foot covers,Manistee,19
Disposable foot covers,Marquette,96
Disposable foot covers,Mason,19
Disposable foot covers,Mecosta,1
Disposable foot covers,Menominee,16
Disposable foot covers,Midland,44
Disposable foot covers,Missaukee,36
Disposable foot covers,Monroe,10
Disposable foot covers,Montcalm,217
Disposable foot covers,Oceana,14
Disposable foot covers,Ogemaw,190
Disposable foot covers,Osceola,1819
Disposable foot covers,Oscoda,55
Disposable foot covers,Presque Isle,62
Disposable foot covers,Roscommon,104
Disposable foot covers,Sanilac,17
Disposable foot covers,Schoolcraft,15
Disposable foot covers,Van Buren,7
Disposable foot covers,Washtenaw,6
Disposable foot covers,Wexford,42
Face shield,Alcona,161
Face shield,Alger,12
Face shield,Allegan,98
Face shield,Antrim,156
Face shield,Baraga,1831
Face shield,Barry,232
Face shield,Benzie,569
Face shield,Delta,223
Face shield,Dickinson,136
Face shield,Eaton,333
Face shield,Emmet,21
Face shield,Gogebic,1431
Face shield,Grand Traverse,184
Face shield,Gratiot,20
Face shield,Houghton,159
Face shield,Huron,62
Face shield,Iron,612
Face shield,Isabella,2304
Face shield,Kalamazoo,118
Face shield,Kalkaska,3669
Face shield,Kent,224
Face shield,Keweenaw,221
Face shield,Lake,372
Face shield,Lapeer,52
Face shield,Leelanau,1023
Face shield,Lenawee,88
Face shield,Livingston,1068
Face shield,Manistee,110
Face shield,Marquette,574
Face shield,Mason,114
Face shield,Mecosta,5
Face shield,Menominee,96
Face shield,Midland,263
Face shield,Missaukee,212
Face shield,Monroe,59
Face shield,Montcalm,1298
Face shield,Oceana,82
Face shield,Ogemaw,1140
Face shield,Osceola,10911
Face shield,Oscoda,327
Face shield,Presque Isle,367
Face shield,Roscommon,622
Face shield,Sanilac,98
Face shield,Schoolcraft,90
Face shield,Van Buren,42
Face shield,Washtenaw,33
Face shield,Wexford,252
Gloves,Alcona,54
Gloves,Alger,4
Gloves,Allegan,33
Gloves,Antrim,52
Gloves,Baraga,611
Gloves,Barry,78
Gloves,Benzie,190
Gloves,Delta,75
Gloves,Dickinson,46
Gloves,Eaton,111
Gloves,Emmet,7
Gloves,Gogebic,477
Gloves,Grand Traverse,62
Gloves,Gratiot,7
Gloves,Houghton,53
Gloves,Huron,21
Gloves,Iron,204
Gloves,Isabella,768
Gloves,Kalamazoo,40
Gloves,Kalkaska,1223
Gloves,Kent,75
Gloves,Keweenaw,74
Gloves,Lake,124
Gloves,Lapeer,18
Gloves,Leelanau,341
Gloves,Lenawee,30
Gloves,Livingston,356
Gloves,Manistee,37
Gloves,Marquette,192
Gloves,Mason,38
Gloves,Mecosta,2
Gloves,Menominee,32
Gloves,Midland,88
Gloves,Missaukee,71
Gloves,Monroe,20
Gloves,Montcalm,433
Gloves,Oceana,28
Gloves,Ogemaw,380
Gloves,Osceola,3637
Gloves,Oscoda,109
Gloves,Presque Isle,123
Gloves,Roscommon,208
Gloves,Sanilac,33
Gloves,Schoolcraft,30
Gloves,Van Buren,14
Gloves,Washtenaw,11
Gloves,Wexford,84
Goggles protective,Alcona,536
Goggles protective,Alger,39
Goggles protective,Allegan,325
Goggles protective,Antrim,518
Goggles protective,Baraga,6102
Goggles protective,Barry,772
Goggles protective,Benzie,1896
Goggles protective,Delta,741
Goggles protective,Dickinson,452
Goggles protective,Eaton,1109
Goggles protective,Emmet,69
Goggles protective,Gogebic,4768
Goggles protective,Grand Traverse,612
Goggles protective,Gratiot,64
Goggles protective,Houghton,530
Goggles protective,Huron,206
Goggles protective,Iron,2038
Goggles protective,Isabella,7677
Goggles protective,Kalamazoo,392
Goggles protective,Kalkaska,12228
Goggles protective,Kent,746
Goggles protective,Keweenaw,734
Goggles protective,Lake,1238
Goggles protective,Lapeer,172
Goggles protective,Leelanau,3408
Goggles protective,Lenawee,292
Goggles protective,Livingston,3560
Goggles protective,Manistee,364
Goggles protective,Marquette,1913
Goggles protective,Mason,378
Goggles protective,Mecosta,14
Goggles protective,Menominee,320
Goggles protective,Midland,875
Goggles protective,Missaukee,704
Goggles protective,Monroe,196
Goggles protective,Montcalm,4324
Goggles protective,Oceana,273
Goggles protective,Ogemaw,3797
Goggles protective,Osceola,36370
Goggles protective,Oscoda,1090
Goggles protective,Presque Isle,1222
Goggles protective,Roscommon,2072
Goggles protective,Sanilac,324
Goggles protective,Schoolcraft,298
Goggles protective,Van Buren,138
Goggles protective,Washtenaw,110
Goggles protective,Wexford,839
Gown protective,Alcona,536
Gown protective,Alger,39
Gown protective,Allegan,325
Gown protective,Antrim,518
Gown protective,Baraga,6102
Gown protective,Barry,772
Gown protective,Benzie,1896
Gown protective,Delta,741
Gown protective,Dickinson,452
Gown protective,Eaton,1109
Gown protective,Emmet,69
Gown protective,Gogebic,4768
Gown protective,Grand Traverse,612
Gown protective,Gratiot,64
Gown protective,Houghton,530
Gown protective,Huron,206
Gown protective,Iron,2038
Gown protective,Isabella,7677
Gown protective,Kalamazoo,392
Gown protective,Kalkaska,12228
Gown protective,Kent,746
Gown protective,Keweenaw,734
Gown protective,Lake,1238
Gown protective,Lapeer,172
Gown protective,Leelanau,3408
Gown protective,Lenawee,292
Gown protective,Livingston,3560
Gown protective,Manistee,364
Gown protective,Marquette,1913
Gown protective,Mason,378
Gown protective,Mecosta,14
Gown protective,Menominee,320
Gown protective,Midland,875
Gown protective,Missaukee,704
Gown protective,Monroe,196
Gown protective,Montcalm,4324
Gown protective,Oceana,273
Gown protective,Ogemaw,3797
Gown protective,Osceola,36370
Gown protective,Oscoda,1090
Gown protective,Presque Isle,1222
Gown protective,Roscommon,2072
Gown protective,Sanilac,324
Gown protective,Schoolcraft,298
Gown protective,Van Buren,138
Gown protective,Washtenaw,110
Gown protective,Wexford,839
InvasiveVentilators,Alcona,161
InvasiveVentilators,Alger,12
InvasiveVentilators,Allegan,98
InvasiveVentilators,Antrim,156
InvasiveVentilators,Baraga,1831
InvasiveVentilators,Barry,232
InvasiveVentilators,Benzie,569
InvasiveVentilators,Delta,223
InvasiveVentilators,Dickinson,136
InvasiveVentilators,Eaton,333
InvasiveVentilators,Emmet,21
InvasiveVentilators,Gogebic,1431
InvasiveVentilators,Grand Traverse,184
InvasiveVentilators,Gratiot,20
InvasiveVentilators,Houghton,159
InvasiveVentilators,Huron,62
InvasiveVentilators,Iron,612
InvasiveVentilators,Isabella,2304
InvasiveVentilators,Kalamazoo,118
InvasiveVentilators,Kalkaska,3669
InvasiveVentilators,Kent,224
InvasiveVentilators,Keweenaw,221
InvasiveVentilators,Lake,372
InvasiveVentilators,Lapeer,52
InvasiveVentilators,Leelanau,1023
InvasiveVentilators,Lenawee,88
InvasiveVentilators,Livingston,1068
InvasiveVentilators,Manistee,110
InvasiveVentilators,Marquette,574
InvasiveVentilators,Mason,114
InvasiveVentilators,Mecosta,5
InvasiveVentilators,Menominee,96
InvasiveVentilators,Midland,263
InvasiveVentilators,Missaukee,212
InvasiveVentilators,Monroe,59
InvasiveVentilators,Montcalm,1298
InvasiveVentilators,Oceana,82
InvasiveVentilators,Ogemaw,1140
InvasiveVentilators,Osceola,10911
InvasiveVentilators,Oscoda,327
InvasiveVentilators,Presque Isle,367
InvasiveVentilators,Roscommon,622
InvasiveVentilators,Sanilac,98
InvasiveVentilators,Schoolcraft,90
InvasiveVentilators,Van Buren,42
InvasiveVentilators,Washtenaw,33
InvasiveVentilators,Wexford,252
IV Catheters,Alcona,536
IV Catheters,Alger,39
IV Catheters,Allegan,325
IV Catheters,Antrim,518
IV Catheters,Baraga,6102
IV Catheters,Barry,772
IV Catheters,Benzie,1896
IV Catheters,Delta,741
IV Catheters,Dickinson,452
IV Catheters,Eaton,1109
IV Catheters,Emmet,69
IV Catheters,Gogebic,4768
IV Catheters,Grand Traverse,612
IV Catheters,Gratiot,64
IV Catheters,Houghton,530
IV Catheters,Huron,206
IV Catheters,Iron,2038
IV Catheters,Isabella,7677
IV Catheters,Kalamazoo,392
IV Catheters,Kalkaska,12228
IV Catheters,Kent,746
IV Catheters,Keweenaw,734
IV Catheters,Lake,1238
IV Catheters,Lapeer,172
IV Catheters,Leelanau,3408
IV Catheters,Lenawee,292
IV Catheters,Livingston,3560
IV Catheters,Manistee,364
IV Catheters,Marquette,1913
IV Catheters,Mason,378
IV Catheters,Mecosta,14
IV Catheters,Menominee,320
IV Catheters,Midland,875
IV Catheters,Missaukee,704
IV Catheters,Monroe,196
IV Catheters,Montcalm,4324
IV Catheters,Oceana,273
IV Catheters,Ogemaw,3797
IV Catheters,Osceola,36370
IV Catheters,Oscoda,1090
IV Catheters,Presque Isle,1222
IV Catheters,Roscommon,2072
IV Catheters,Sanilac,324
IV Catheters,Schoolcraft,298
IV Catheters,Van Buren,138
IV Catheters,Washtenaw,110
IV Catheters,Wexford,839
Lab extraction kit,Alcona,536
Lab extraction kit,Alger,39
Lab extraction kit,Allegan,325
Lab extraction kit,Antrim,518
Lab extraction kit,Baraga,6102
Lab extraction kit,Barry,772
Lab extraction kit,Benzie,1896
Lab extraction kit,Delta,741
Lab extraction kit,Dickinson,452
Lab extraction kit,Eaton,1109
Lab extraction kit,Emmet,69
Lab extraction kit,Gogebic,4768
Lab extraction kit,Grand Traverse,612
Lab extraction kit,Gratiot,64
Lab extraction kit,Houghton,530
Lab extraction kit,Huron,206
Lab extraction kit,Iron,2038
Lab extraction kit,Isabella,7677
Lab extraction kit,Kalamazoo,392
Lab extraction kit,Kalkaska,12228
Lab extraction kit,Kent,746
Lab extraction kit,Keweenaw,734
Lab extraction kit,Lake,1238
Lab extraction kit,Lapeer,172
Lab extraction kit,Leelanau,3408
Lab extraction kit,Lenawee,292
Lab extraction kit,Livingston,3560
Lab extraction kit,Manistee,364
Lab extraction kit,Marquette,1913
Lab extraction kit,Mason,378
Lab extraction kit,Mecosta,14
Lab extraction kit,Menominee,320
Lab extraction kit,Midland,875
Lab extraction kit,Missaukee,704
Lab extraction kit,Monroe,196
Lab extraction kit,Montcalm,4324
Lab extraction kit,Oceana,273
Lab extraction kit,Ogemaw,3797
Lab extraction kit,Osceola,36370
Lab extraction kit,Oscoda,1090
Lab extraction kit,Presque Isle,1222
Lab extraction kit,Roscommon,2072
Lab extraction kit,Sanilac,324
Lab extraction kit,Schoolcraft,298
Lab extraction kit,Van Buren,138
Lab extraction kit,Washtenaw,110
Lab extraction kit,Wexford,839
Lab screening test kit,Alcona,536
Lab screening test kit,Alger,39
Lab screening test kit,Allegan,325
Lab screening test kit,Antrim,518
Lab screening test kit,Baraga,6102
Lab screening test kit,Barry,772
Lab screening test kit,Benzie,1896
Lab screening test kit,Delta,741
Lab screening test kit,Dickinson,452
Lab screening test kit,Eaton,1109
Lab screening test kit,Emmet,69
Lab screening test kit,Gogebic,4768
Lab screening test kit,Grand Traverse,612
Lab screening test kit,Gratiot,64
Lab screening test kit,Houghton,530
Lab screening test kit,Huron,206
Lab screening test kit,Iron,2038
Lab screening test kit,Isabella,7677
Lab screening test kit,Kalamazoo,392
Lab screening test kit,Kalkaska,12228
Lab screening test kit,Kent,746
Lab screening test kit,Keweenaw,734
Lab screening test kit,Lake,1238
Lab screening test kit,Lapeer,172
Lab screening test kit,Leelanau,3408
Lab screening test kit,Lenawee,292
Lab screening test kit,Livingston,3560
Lab screening test kit,Manistee,364
Lab screening test kit,Marquette,1913
Lab screening test kit,Mason,378
Lab screening test kit,Mecosta,14
Lab screening test kit,Menominee,320
Lab screening test kit,Midland,875
Lab screening test kit,Missaukee,704
Lab screening test kit,Monroe,196
Lab screening test kit,Montcalm,4324
Lab screening test kit,Oceana,273
Lab screening test kit,Ogemaw,3797
Lab screening test kit,Osceola,36370
Lab screening test kit,Oscoda,1090
Lab screening test kit,Presque Isle,1222
Lab screening test kit,Roscommon,2072
Lab screening test kit,Sanilac,324
Lab screening test kit,Schoolcraft,298
Lab screening test kit,Van Buren,138
Lab screening test kit,Washtenaw,110
Lab screening test kit,Wexford,839
Liquid soap,Alcona,268
Liquid soap,Alger,20
Liquid soap,Allegan,163
Liquid soap,Antrim,259
Liquid soap,Baraga,3051
Liquid soap,Barry,386
Liquid soap,Benzie,948
Liquid soap,Delta,371
Liquid soap,Dickinson,226
Liquid soap,Eaton,555
Liquid soap,Emmet,35
Liquid soap,Gogebic,2384
Liquid soap,Grand Traverse,306
Liquid soap,Gratiot,32
Liquid soap,Houghton,265
Liquid soap,Huron,103
Liquid soap,Iron,1019
Liquid soap,Isabella,3839
Liquid soap,Kalamazoo,196
Liquid soap,Kalkaska,6114
Liquid soap,Kent,373
Liquid soap,Keweenaw,367
Liquid soap,Lake,619
Liquid soap,Lapeer,86
Liquid soap,Leelanau,1704
Liquid soap,Lenawee,146
Liquid soap,Livingston,1780
Liquid soap,Manistee,182
Liquid soap,Marquette,957
Liquid soap,Mason,189
Liquid soap,Mecosta,7
Liquid soap,Menominee,160
Liquid soap,Midland,438
Liquid soap,Missaukee,352
Liquid soap,Monroe,98
Liquid soap,Montcalm,2162
Liquid soap,Oceana,137
Liquid soap,Ogemaw,1899
Liquid soap,Osceola,18185
Liquid soap,Oscoda,545
Liquid soap,Presque Isle,611
Liquid soap,Roscommon,1036
Liquid soap,Sanilac,162
Liquid soap,Schoolcraft,149
Liquid soap,Van Buren,69
Liquid soap,Washtenaw,55
Liquid soap,Wexford,420
M4 viral media,Alcona,536
M4 viral media,Alger,39
M4 viral media,Allegan,325
M4 viral media,Antrim,518
M4 viral media,Baraga,6102
M4 viral media,Barry,772
M4 viral media,Benzie,1896
M4 viral media,Delta,741
M4 viral media,Dickinson,452
M4 viral media,Eaton,1109
M4 viral media,Emmet,69
M4 viral media,Gogebic,4768
M4 viral media,Grand Traverse,612
M4 viral media,Gratiot,64
M4 viral media,Houghton,530
M4 viral media,Huron,206
M4 viral media,Iron,2038
M4 viral media,Isabella,7677
M4 viral media,Kalamazoo,392
M4 viral media,Kalkaska,12228
M4 viral media,Kent,746
M4 viral media,Keweenaw,734
M4 viral media,Lake,1238
M4 viral media,Lapeer,172
M4 viral media,Leelanau,3408
M4 viral media,Lenawee,292
M4 viral media,Livingston,3560
M4 viral media,Manistee,364
M4 viral media,Marquette,1913
M4 viral media,Mason,378
M4 viral media,Mecosta,14
M4 viral media,Menominee,320
M4 viral media,Midland,875
M4 viral media,Missaukee,704
M4 viral media,Monroe,196
M4 viral media,Montcalm,4324
M4 viral media,Oceana,273
M4 viral media,Ogemaw,3797
M4 viral media,Osceola,36370
M4 viral media,Oscoda,1090
M4 viral media,Presque Isle,1222
M4 viral media,Roscommon,2072
M4 viral media,Sanilac,324
M4 viral media,Schoolcraft,298
M4 viral media,Van Buren,138
M4 viral media,Washtenaw,110
M4 viral media,Wexford,839
Mask medical,Alcona,536
Mask medical,Alger,39
Mask medical,Allegan,325
Mask medical,Antrim,518
Mask medical,Baraga,6102
Mask medical,Barry,772
Mask medical,Benzie,1896
Mask medical,Delta,741
Mask medical,Dickinson,452
Mask medical,Eaton,1109
Mask medical,Emmet,69
Mask medical,Gogebic,4768
Mask medical,Grand Traverse,612
Mask medical,Gratiot,64
Mask medical,Houghton,530
Mask medical,Huron,206
Mask medical,Iron,2038
Mask medical,Isabella,7677
Mask medical,Kalamazoo,392
Mask medical,Kalkaska,12228
Mask medical,Kent,746
Mask medical,Keweenaw,734
Mask medical,Lake,1238
Mask medical,Lapeer,172
Mask medical,Leelanau,3408
Mask medical,Lenawee,292
Mask medical,Livingston,3560
Mask medical,Manistee,364
Mask medical,Marquette,1913
Mask medical,Mason,378
Mask medical,Mecosta,14
Mask medical,Menominee,320
Mask medical,Midland,875
Mask medical,Missaukee,704
Mask medical,Monroe,196
Mask medical,Montcalm,4324
Mask medical,Oceana,273
Mask medical,Ogemaw,3797
Mask medical,Osceola,36370
Mask medical,Oscoda,1090
Mask medical,Presque Isle,1222
Mask medical,Roscommon,2072
Mask medical,Sanilac,324
Mask medical,Schoolcraft,298
Mask medical,Van Buren,138
Mask medical,Washtenaw,110
Mask medical,Wexford,839
Nasal testing swabs,Alcona,536
Nasal testing swabs,Alger,39
Nasal testing swabs,Allegan,325
Nasal testing swabs,Antrim,518
Nasal testing swabs,Baraga,6102
Nasal testing swabs,Barry,772
Nasal testing swabs,Benzie,1896
Nasal testing swabs,Delta,741
Nasal testing swabs,Dickinson,452
Nasal testing swabs,Eaton,1109
Nasal testing swabs,Emmet,69
Nasal testing swabs,Gogebic,4768
Nasal testing swabs,Grand Traverse,612
Nasal testing swabs,Gratiot,64
Nasal testing swabs,Houghton,530
Nasal testing swabs,Huron,206
Nasal testing swabs,Iron,2038
Nasal testing swabs,Isabella,7677
Nasal testing swabs,Kalamazoo,392
Nasal testing swabs,Kalkaska,12228
Nasal testing swabs,Kent,746
Nasal testing swabs,Keweenaw,734
Nasal testing swabs,Lake,1238
Nasal testing swabs,Lapeer,172
Nasal testing swabs,Leelanau,3408
Nasal testing swabs,Lenawee,292
Nasal testing swabs,Livingston,3560
Nasal testing swabs,Manistee,364
Nasal testing swabs,Marquette,1913
Nasal testing swabs,Mason,378
Nasal testing swabs,Mecosta,14
Nasal testing swabs,Menominee,320
Nasal testing swabs,Midland,875
Nasal testing swabs,Missaukee,704
Nasal testing swabs,Monroe,196
Nasal testing swabs,Montcalm,4324
Nasal testing swabs,Oceana,273
Nasal testing swabs,Ogemaw,3797
Nasal testing swabs,Osceola,36370
Nasal testing swabs,Oscoda,1090
Nasal testing swabs,Presque Isle,1222
Nasal testing swabs,Roscommon,2072
Nasal testing swabs,Sanilac,324
Nasal testing swabs,Schoolcraft,298
Nasal testing swabs,Van Buren,138
Nasal testing swabs,Washtenaw,110
Nasal testing swabs,Wexford,839
Needles,Alcona,27
Needles,Alger,2
Needles,Allegan,17
Needles,Antrim,26
Needles,Baraga,306
Needles,Barry,39
Needles,Benzie,95
Needles,Delta,38
Needles,Dickinson,23
Needles,Eaton,56
Needles,Emmet,4
Needles,Gogebic,239
Needles,Grand Traverse,31
Needles,Gratiot,4
Needles,Houghton,27
Needles,Huron,11
Needles,Iron,102
Needles,Isabella,384
Needles,Kalamazoo,20
Needles,Kalkaska,612
Needles,Kent,38
Needles,Keweenaw,37
Needles,Lake,62
Needles,Lapeer,9
Needles,Leelanau,171
Needles,Lenawee,15
Needles,Livingston,178
Needles,Manistee,19
Needles,Marquette,96
Needles,Mason,19
Needles,Mecosta,1
Needles,Menominee,16
Needles,Midland,44
Needles,Missaukee,36
Needles,Monroe,10
Needles,Montcalm,217
Needles,Oceana,14
Needles,Ogemaw,190
Needles,Osceola,1819
Needles,Oscoda,55
Needles,Presque Isle,62
Needles,Roscommon,104
Needles,Sanilac,17
Needles,Schoolcraft,15
Needles,Van Buren,7
Needles,Washtenaw,6
Needles,Wexford,42
Non contact infrared Thermometer,Alcona,22
Non contact infrared Thermometer,Alger,2
Non contact infrared Thermometer,Allegan,13
Non contact infrared Thermometer,Antrim,21
Non contact infrared Thermometer,Baraga,245
Non contact infrared Thermometer,Barry,31
Non contact infrared Thermometer,Benzie,76
Non contact infrared Thermometer,Delta,30
Non contact infrared Thermometer,Dickinson,19
Non contact infrared Thermometer,Eaton,45
Non contact infrared Thermometer,Emmet,3
Non contact infrared Thermometer,Gogebic,191
Non contact infrared Thermometer,Grand Traverse,25
Non contact infrared Thermometer,Gratiot,3
Non contact infrared Thermometer,Houghton,22
Non contact infrared Thermometer,Huron,9
Non contact infrared Thermometer,Iron,82
Non contact infrared Thermometer,Isabella,308
Non contact infrared Thermometer,Kalamazoo,16
Non contact infrared Thermometer,Kalkaska,490
Non contact infrared Thermometer,Kent,30
Non contact infrared Thermometer,Keweenaw,30
Non contact infrared Thermometer,Lake,50
Non contact infrared Thermometer,Lapeer,7
Non contact infrared Thermometer,Leelanau,137
Non contact infrared Thermometer,Lenawee,12
Non contact infrared Thermometer,Livingston,143
Non contact infrared Thermometer,Manistee,15
Non contact infrared Thermometer,Marquette,77
Non contact infrared Thermometer,Mason,16
Non contact infrared Thermometer,Mecosta,1
Non contact infrared Thermometer,Menominee,13
Non contact infrared Thermometer,Midland,35
Non contact infrared Thermometer,Missaukee,29
Non contact infrared Thermometer,Monroe,8
Non contact infrared Thermometer,Montcalm,173
Non contact infrared Thermometer,Oceana,11
Non contact infrared Thermometer,Ogemaw,152
Non contact infrared Thermometer,Osceola,1455
Non contact infrared Thermometer,Oscoda,44
Non contact infrared Thermometer,Presque Isle,49
Non contact infrared Thermometer,Roscommon,83
Non contact infrared Thermometer,Sanilac,13
Non contact infrared Thermometer,Schoolcraft,12
Non contact infrared Thermometer,Van Buren,6
Non contact infrared Thermometer,Washtenaw,5
Non contact infrared Thermometer,Wexford,34
Non Invasive Ventilators,Alcona,322
Non Invasive Ventilators,Alger,24
Non Invasive Ventilators,Allegan,195
Non Invasive Ventilators,Antrim,311
Non Invasive Ventilators,Baraga,3662
Non Invasive Ventilators,Barry,464
Non Invasive Ventilators,Benzie,1138
Non Invasive Ventilators,Delta,445
Non Invasive Ventilators,Dickinson,272
Non Invasive Ventilators,Eaton,666
Non Invasive Ventilators,Emmet,42
Non Invasive Ventilators,Gogebic,2861
Non Invasive Ventilators,Grand Traverse,368
Non Invasive Ventilators,Gratiot,39
Non Invasive Ventilators,Houghton,318
Non Invasive Ventilators,Huron,124
Non Invasive Ventilators,Iron,1223
Non Invasive Ventilators,Isabella,4607
Non Invasive Ventilators,Kalamazoo,236
Non Invasive Ventilators,Kalkaska,7337
Non Invasive Ventilators,Kent,448
Non Invasive Ventilators,Keweenaw,441
Non Invasive Ventilators,Lake,743
Non Invasive Ventilators,Lapeer,104
Non Invasive Ventilators,Leelanau,2045
Non Invasive Ventilators,Lenawee,176
Non Invasive Ventilators,Livingston,2136
Non Invasive Ventilators,Manistee,219
Non Invasive Ventilators,Marquette,1148
Non Invasive Ventilators,Mason,227
Non Invasive Ventilators,Mecosta,9
Non Invasive Ventilators,Menominee,192
Non Invasive Ventilators,Midland,525
Non Invasive Ventilators,Missaukee,423
Non Invasive Ventilators,Monroe,118
Non Invasive Ventilators,Montcalm,2595
Non Invasive Ventilators,Oceana,164
Non Invasive Ventilators,Ogemaw,2279
Non Invasive Ventilators,Osceola,21822
Non Invasive Ventilators,Oscoda,654
Non Invasive Ventilators,Presque Isle,734
Non Invasive Ventilators,Roscommon,1244
Non Invasive Ventilators,Sanilac,195
Non Invasive Ventilators,Schoolcraft,179
Non Invasive Ventilators,Van Buren,83
Non Invasive Ventilators,Washtenaw,66
Non Invasive Ventilators,Wexford,504
powered air purifying respirators,Alcona,215
powered air purifying respirators,Alger,16
powered air purifying respirators,Allegan,130
powered air purifying respirators,Antrim,208
powered air purifying respirators,Baraga,2441
powered air purifying respirators,Barry,309
powered air purifying respirators,Benzie,759
powered air purifying respirators,Delta,297
powered air purifying respirators,Dickinson,181
powered air purifying respirators,Eaton,444
powered air purifying respirators,Emmet,28
powered air purifying respirators,Gogebic,1908
powered air purifying respirators,Grand Traverse,245
powered air purifying respirators,Gratiot,26
powered air purifying respirators,Houghton,212
powered air purifying respirators,Huron,83
powered air purifying respirators,Iron,816
powered air purifying respirators,Isabella,3071
powered air purifying respirators,Kalamazoo,157
powered air purifying respirators,Kalkaska,4892
powered air purifying respirators,Kent,299
powered air purifying respirators,Keweenaw,294
powered air purifying respirators,Lake,496
powered air purifying respirators,Lapeer,69
powered air purifying respirators,Leelanau,1364
powered air purifying respirators,Lenawee,117
powered air purifying respirators,Livingston,1424
powered air purifying respirators,Manistee,146
powered air purifying respirators,Marquette,766
powered air purifying respirators,Mason,152
powered air purifying respirators,Mecosta,6
powered air purifying respirators,Menominee,128
powered air purifying respirators,Midland,350
powered air purifying respirators,Missaukee,282
powered air purifying respirators,Monroe,79
powered air purifying respirators,Montcalm,1730
powered air purifying respirators,Oceana,110
powered air purifying respirators,Ogemaw,1519
powered air purifying respirators,Osceola,14548
powered air purifying respirators,Oscoda,436
powered air purifying respirators,Presque Isle,489
powered air purifying respirators,Roscommon,829
powered air purifying respirators,Sanilac,130
powered air purifying respirators,Schoolcraft,120
powered air purifying respirators,Van Buren,56
powered air purifying respirators,Washtenaw,44
powered air purifying respirators,Wexford,336
Safety box,Alcona,3
Safety box,Alger,1
Safety box,Allegan,2
Safety box,Antrim,3
Safety box,Baraga,31
Safety box,Barry,4
Safety box,Benzie,10
Safety box,Delta,4
Safety box,Dickinson,3
Safety box,Eaton,6
Safety box,Emmet,1
Safety box,Gogebic,24
Safety box,Grand Traverse,4
Safety box,Gratiot,1
Safety box,Houghton,3
Safety box,Huron,2
Safety box,Iron,11
Safety box,Isabella,39
Safety box,Kalamazoo,2
Safety box,Kalkaska,62
Safety box,Kent,4
Safety box,Keweenaw,4
Safety box,Lake,7
Safety box,Lapeer,1
Safety box,Leelanau,18
Safety box,Lenawee,2
Safety box,Livingston,18
Safety box,Manistee,2
Safety box,Marquette,10
Safety box,Mason,2
Safety box,Mecosta,1
Safety box,Menominee,2
Safety box,Midland,5
Safety box,Missaukee,4
Safety box,Monroe,1
Safety box,Montcalm,22
Safety box,Oceana,2
Safety box,Ogemaw,19
Safety box,Osceola,182
Safety box,Oscoda,6
Safety box,Presque Isle,7
Safety box,Roscommon,11
Safety box,Sanilac,2
Safety box,Schoolcraft,2
Safety box,Van Buren,1
Safety box,Washtenaw,1
Safety box,Wexford,5
Scrubs pants,Alcona,3
Scrubs pants,Alger,1
Scrubs pants,Allegan,2
Scrubs pants,Antrim,3
Scrubs pants,Baraga,31
Scrubs pants,Barry,4
Scrubs pants,Benzie,10
Scrubs pants,Delta,4
Scrubs pants,Dickinson,3
Scrubs pants,Eaton,6
Scrubs pants,Emmet,1
Scrubs pants,Gogebic,24
Scrubs pants,Grand Traverse,4
Scrubs pants,Gratiot,1
Scrubs pants,Houghton,3
Scrubs pants,Huron,2
Scrubs pants,Iron,11
Scrubs pants,Isabella,39
Scrubs pants,Kalamazoo,2
Scrubs pants,Kalkaska,62
Scrubs pants,Kent,4
Scrubs pants,Keweenaw,4
Scrubs pants,Lake,7
Scrubs pants,Lapeer,1
Scrubs pants,Leelanau,18
Scrubs pants,Lenawee,2
Scrubs pants,Livingston,18
Scrubs pants,Manistee,2
Scrubs pants,Marquette,10
Scrubs pants,Mason,2
Scrubs pants,Mecosta,1
Scrubs pants,Menominee,2
Scrubs pants,Midland,5
Scrubs pants,Missaukee,4
Scrubs pants,Monroe,1
Scrubs pants,Montcalm,22
Scrubs pants,Oceana,2
Scrubs pants,Ogemaw,19
Scrubs pants,Osceola,182
Scrubs pants,Oscoda,6
Scrubs pants,Presque Isle,7
Scrubs pants,Roscommon,11
Scrubs pants,Sanilac,2
Scrubs pants,Schoolcraft,2
Scrubs pants,Van Buren,1
Scrubs pants,Washtenaw,1
Scrubs pants,Wexford,5
Scrubs tops,Alcona,3
Scrubs tops,Alger,1
Scrubs tops,Allegan,2
Scrubs tops,Antrim,3
Scrubs tops,Baraga,31
Scrubs tops,Barry,4
Scrubs tops,Benzie,10
Scrubs tops,Delta,4
Scrubs tops,Dickinson,3
Scrubs tops,Eaton,6
Scrubs tops,Emmet,1
Scrubs tops,Gogebic,24
Scrubs tops,Grand Traverse,4
Scrubs tops,Gratiot,1
Scrubs tops,Houghton,3
Scrubs tops,Huron,2
Scrubs tops,Iron,11
Scrubs tops,Isabella,39
Scrubs tops,Kalamazoo,2
Scrubs tops,Kalkaska,62
Scrubs tops,Kent,4
Scrubs tops,Keweenaw,4
Scrubs tops,Lake,7
Scrubs tops,Lapeer,1
Scrubs tops,Leelanau,18
Scrubs tops,Lenawee,2
Scrubs tops,Livingston,18
Scrubs tops,Manistee,2
Scrubs tops,Marquette,10
Scrubs tops,Mason,2
Scrubs tops,Mecosta,1
Scrubs tops,Menominee,2
Scrubs tops,Midland,5
Scrubs tops,Missaukee,4
Scrubs tops,Monroe,1
Scrubs tops,Montcalm,22
Scrubs tops,Oceana,2
Scrubs tops,Ogemaw,19
Scrubs tops,Osceola,182
Scrubs tops,Oscoda,6
Scrubs tops,Presque Isle,7
Scrubs tops,Roscommon,11
Scrubs tops,Sanilac,2
Scrubs tops,Schoolcraft,2
Scrubs tops,Van Buren,1
Scrubs tops,Washtenaw,1
Scrubs tops,Wexford,5
Surface Disinfectant 1 Gallon,Alcona,27
Surface Disinfectant 1 Gallon,Alger,2
Surface Disinfectant 1 Gallon,Allegan,17
Surface Disinfectant 1 Gallon,Antrim,26
Surface Disinfectant 1 Gallon,Baraga,306
Surface Disinfectant 1 Gallon,Barry,39
Surface Disinfectant 1 Gallon,Benzie,95
Surface Disinfectant 1 Gallon,Delta,38
Surface Disinfectant 1 Gallon,Dickinson,23
Surface Disinfectant 1 Gallon,Eaton,56
Surface Disinfectant 1 Gallon,Emmet,4
Surface Disinfectant 1 Gallon,Gogebic,239
Surface Disinfectant 1 Gallon,Grand Traverse,31
Surface Disinfectant 1 Gallon,Gratiot,4
Surface Disinfectant 1 Gallon,Houghton,27
Surface Disinfectant 1 Gallon,Huron,11
Surface Disinfectant 1 Gallon,Iron,102
Surface Disinfectant 1 Gallon,Isabella,384
Surface Disinfectant 1 Gallon,Kalamazoo,20
Surface Disinfectant 1 Gallon,Kalkaska,612
Surface Disinfectant 1 Gallon,Kent,38
Surface Disinfectant 1 Gallon,Keweenaw,37
Surface Disinfectant 1 Gallon,Lake,62
Surface Disinfectant 1 Gallon,Lapeer,9
Surface Disinfectant 1 Gallon,Leelanau,171
Surface Disinfectant 1 Gallon,Lenawee,15
Surface Disinfectant 1 Gallon,Livingston,178
Surface Disinfectant 1 Gallon,Manistee,19
Surface Disinfectant 1 Gallon,Marquette,96
Surface Disinfectant 1 Gallon,Mason,19
Surface Disinfectant 1 Gallon,Mecosta,1
Surface Disinfectant 1 Gallon,Menominee,16
Surface Disinfectant 1 Gallon,Midland,44
Surface Disinfectant 1 Gallon,Missaukee,36
Surface Disinfectant 1 Gallon,Monroe,10
Surface Disinfectant 1 Gallon,Montcalm,217
Surface Disinfectant 1 Gallon,Oceana,14
Surface Disinfectant 1 Gallon,Ogemaw,190
Surface Disinfectant 1 Gallon,Osceola,1819
Surface Disinfectant 1 Gallon,Oscoda,55
Surface Disinfectant 1 Gallon,Presque Isle,62
Surface Disinfectant 1 Gallon,Roscommon,104
Surface Disinfectant 1 Gallon,Sanilac,17
Surface Disinfectant 1 Gallon,Schoolcraft,15
Surface Disinfectant 1 Gallon,Van Buren,7
Surface Disinfectant 1 Gallon,Washtenaw,6
Surface Disinfectant 1 Gallon,Wexford,42
Syringes,Alcona,27
Syringes,Alger,2
Syringes,Allegan,17
Syringes,Antrim,26
Syringes,Baraga,306
Syringes,Barry,39
Syringes,Benzie,95
Syringes,Delta,38
Syringes,Dickinson,23
Syringes,Eaton,56
Syringes,Emmet,4
Syringes,Gogebic,239
Syringes,Grand Traverse,31
Syringes,Gratiot,4
Syringes,Houghton,27
Syringes,Huron,11
Syringes,Iron,102
Syringes,Isabella,384
Syringes,Kalamazoo,20
Syringes,Kalkaska,612
Syringes,Kent,38
Syringes,Keweenaw,37
Syringes,Lake,62
Syringes,Lapeer,9
Syringes,Leelanau,171
Syringes,Lenawee,15
Syringes,Livingston,178
Syringes,Manistee,19
Syringes,Marquette,96
Syringes,Mason,19
Syringes,Mecosta,1
Syringes,Menominee,16
Syringes,Midland,44
Syringes,Missaukee,36
Syringes,Monroe,10
Syringes,Montcalm,217
Syringes,Oceana,14
Syringes,Ogemaw,190
Syringes,Osceola,1819
Syringes,Oscoda,55
Syringes,Presque Isle,62
Syringes,Roscommon,104
Syringes,Sanilac,17
Syringes,Schoolcraft,15
Syringes,Van Buren,7
Syringes,Washtenaw,6
Syringes,Wexford,42
Triple packaging boxes,Alcona,536
Triple packaging boxes,Alger,39
Triple packaging boxes,Allegan,325
Triple packaging boxes,Antrim,518
Triple packaging boxes,Baraga,6102
Triple packaging boxes,Barry,772
Triple packaging boxes,Benzie,1896
Triple packaging boxes,Delta,741
Triple packaging boxes,Dickinson,452
Triple packaging boxes,Eaton,1109
Triple packaging boxes,Emmet,69
Triple packaging boxes,Gogebic,4768
Triple packaging boxes,Grand Traverse,612
Triple packaging boxes,Gratiot,64
Triple packaging boxes,Houghton,530
Triple packaging boxes,Huron,206
Triple packaging boxes,Iron,2038
Triple packaging boxes,Isabella,7677
Triple packaging boxes,Kalamazoo,392
Triple packaging boxes,Kalkaska,12228
Triple packaging boxes,Kent,746
Triple packaging boxes,Keweenaw,734
Triple packaging boxes,Lake,1238
Triple packaging boxes,Lapeer,172
Triple packaging boxes,Leelanau,3408
Triple packaging boxes,Lenawee,292
Triple packaging boxes,Livingston,3560
Triple packaging boxes,Manistee,364
Triple packaging boxes,Marquette,1913
Triple packaging boxes,Mason,378
Triple packaging boxes,Mecosta,14
Triple packaging boxes,Menominee,320
Triple packaging boxes,Midland,875
Triple packaging boxes,Missaukee,704
Triple packaging boxes,Monroe,196
Triple packaging boxes,Montcalm,4324
Triple packaging boxes,Oceana,273
Triple packaging boxes,Ogemaw,3797
Triple packaging boxes,Osceola,36370
Triple packaging boxes,Oscoda,1090
Triple packaging boxes,Presque Isle,1222
Triple packaging boxes,Roscommon,2072
Triple packaging boxes,Sanilac,324
Triple packaging boxes,Schoolcraft,298
Triple packaging boxes,Van Buren,138
Triple packaging boxes,Washtenaw,110
Triple packaging boxes,Wexford,839
Wipes,Alcona,5360
Wipes,Alger,390
Wipes,Allegan,3250
Wipes,Antrim,5180
Wipes,Baraga,61020
Wipes,Barry,7720
Wipes,Benzie,18960
Wipes,Delta,7410
Wipes,Dickinson,4520
Wipes,Eaton,11090
Wipes,Emmet,690
Wipes,Gogebic,47680
Wipes,Grand Traverse,6120
Wipes,Gratiot,640
Wipes,Houghton,5300
Wipes,Huron,2060
Wipes,Iron,20380
Wipes,Isabella,76770
Wipes,Kalamazoo,3920
Wipes,Kalkaska,122280
Wipes,Kent,7460
Wipes,Keweenaw,7340
Wipes,Lake,12380
Wipes,Lapeer,1720
Wipes,Leelanau,34080
Wipes,Lenawee,2920
Wipes,Livingston,35600
Wipes,Manistee,3640
Wipes,Marquette,19130
Wipes,Mason,3780
Wipes,Mecosta,140
Wipes,Menominee,3200
Wipes,Midland,8750
Wipes,Missaukee,7040
Wipes,Monroe,1960
Wipes,Montcalm,43240
Wipes,Oceana,2730
Wipes,Ogemaw,37970
Wipes,Osceola,363700
Wipes,Oscoda,10900
Wipes,Presque Isle,12220
Wipes,Roscommon,20720
Wipes,Sanilac,3240
Wipes,Schoolcraft,2980
Wipes,Van Buren,1380
Wipes,Washtenaw,1100
Wipes,Wexford,8390
